AverageShortestPathLength,BetweennessCentrality,ClosenessCentrality,ClusteringCoefficient,Degree,Eccentricity,IsSingleNode,Matching.Attribute,name,NeighborhoodConnectivity,NumberOfDirectedEdges,NumberOfUndirectedEdges,PartnerOfMultiEdgedNodePairs,Radiality,selected,SelfLoops,shared name,Stress,TopologicalCoefficient,type
3.0572519083969465,0.0033326092063541706,0.32709113607990015,0.16666666666666666,4,6,false,protein complex involved in cell adhesion,protein complex involved in cell adhesion,42.5,0,4,0,0.9749115620927201,false,0,protein complex involved in cell adhesion,1818,0.5121951219512195,c
2.7251908396946565,0.008757882513355195,0.3669467787114846,0.1,5,5,false,collagen trimer,collagen trimer,34.4,0,5,0,0.9789610873207968,false,0,collagen trimer,6742,0.31588785046728973,c
2.50381679389313,0.0017408528293010007,0.399390243902439,0.6,6,5,false,plasma membrane raft,plasma membrane raft,59.5,0,6,0,0.9816607708061813,false,0,plasma membrane raft,5028,0.39293598233995586,c
2.9427480916030535,1.8982941546068864E-4,0.3398184176394293,0.47619047619047616,7,5,false,phagocytic vesicle,phagocytic vesicle,48.42857142857143,0,7,0,0.9763079501024018,false,0,phagocytic vesicle,302,0.4642857142857143,c
2.2938931297709924,0.018535185087498636,0.43594009983361065,0.43636363636363634,11,5,false,plasma membrane signaling receptor complex,plasma membrane signaling receptor complex,55.63636363636363,0,11,0,0.9842208154905977,false,0,plasma membrane signaling receptor complex,25090,0.2986314760508309,c
